<?xml version="1.0" encoding="ISO-8859-1" ?>
<!DOCTYPE tiles-definitions PUBLIC
		"-//Apache Software Foundation//DTD Tiles Configuration 3.0//EN"
		"http://tiles.apache.org/dtds/tiles-config_3_0.dtd">


<tiles-definitions>

	<definition name="app.homepage" template="/WEB-INF/layouts/default.jsp">
		<put-attribute name="title" value="Demo Page" />
		<put-attribute name="header" value="/WEB-INF/tiles/header.jsp" />
		<put-attribute name="content" value="/WEB-INF/tiles/login.jsp" />
		<put-attribute name="footer" value="/WEB-INF/tiles/footer.jsp" />
	</definition>

	<definition name="home" extends="app.homepage">
		<put-attribute name="title" value="Home" />
		<put-attribute name="content" value="/WEB-INF/tiles/home.jsp" />
	</definition>

    <!--<definition name="index" extends="app.homepage">-->
        <!--<put-attribute name="title" value="Index" />-->
        <!--<put-attribute name="content" value="/WEB-INF/tiles/index.jsp" />-->
    <!--</definition>-->

    <definition name="login" extends="app.homepage">
        <put-attribute name="title" value="Login" />
        <put-attribute name="content" value="/WEB-INF/tiles/login.jsp" />
    </definition>

    <definition name="userregistration" extends="app.homepage">
        <put-attribute name="title" value="User Registration" />
        <put-attribute name="content" value="/WEB-INF/tiles/userregistration.jsp" />
    </definition>
    
    <definition name="viewShift" extends="app.homepage">
        <put-attribute name="title" value="SM | Shift" />
        <put-attribute name="content" value="/WEB-INF/tiles/shift.jsp" />
    </definition>
    
     <definition name="viewClass" extends="app.homepage">
        <put-attribute name="title" value="SM | Class" />
        <put-attribute name="content" value="/WEB-INF/tiles/class.jsp" />
    </definition>
   
    <definition name="viewSubject" extends="app.homepage">
        <put-attribute name="title" value="SM | Subject" />
        <put-attribute name="content" value="/WEB-INF/tiles/subject.jsp" />
    </definition>
    
       <definition name="viewSection" extends="app.homepage">
        <put-attribute name="title" value="SM | Section" />
        <put-attribute name="content" value="/WEB-INF/tiles/section.jsp" />
    </definition>
    
    <definition name="viewStudentGroup" extends="app.homepage">
        <put-attribute name="title" value="SM | StudentGroup" />
        <put-attribute name="content" value="/WEB-INF/tiles/studentgroup.jsp" />
    </definition>
   
</tiles-definitions>

